image_id,accuracy,f1,jaccard,recall,precision
ISIC_0014478,0.9758758544921875,0.7324420375698087,0.5778371161548732,0.9981549815498155,0.5784549585672281
ISIC_0015200,0.867584228515625,0.9128714859437752,0.8397088974676297,0.9879389777468707,0.8484062406688564
ISIC_0012493,0.9699554443359375,0.7637105484219369,0.6177441273539118,0.6701769165964616,0.8875871687587169
ISIC_0009298,0.988006591796875,0.9084129573525985,0.832194705380017,0.8352260552817656,0.9956577266922094
ISIC_0015412,0.9260406494140625,0.8942787968678431,0.8087742139109165,0.858998533417138,0.9325812028022927
ISIC_0015967,0.78790283203125,0.6752184681527174,0.5096828812303785,1.0,0.5096828812303785
ISIC_0010169,0.962432861328125,0.97722310624283,0.9554606798487617,0.9633554647599591,0.9914958323946835
ISIC_0000397,0.980133056640625,0.9542837078651685,0.9125646363575314,0.929607333424545,0.9803058721685183
ISIC_0000050,0.962982177734375,0.9362819772022902,0.8801975308641975,0.9679065978821613,0.906658527900707
ISIC_0000341,0.982269287109375,0.9626846499678869,0.9280539904649867,0.9927805007285733,0.9343598055105349
ISIC_0014422,0.89215087890625,0.8815326338372833,0.7881612468155252,0.9997338807785888,0.7883266382876671
ISIC_0011298,0.995147705078125,0.9675112382509194,0.9370670888581041,0.9681046820691065,0.9669185215438023
ISIC_0000041,0.9961700439453125,0.9716800180525781,0.9449199034452491,0.9551907719609583,0.9887485648679678
ISIC_0014289,0.968719482421875,0.95882376571727,0.9209043907708928,1.0,0.9209043907708928
ISIC_0012739,0.99285888671875,0.7899461400359067,0.6528189910979229,1.0,0.6528189910979229
ISIC_0013796,0.9959564208984375,0.900562851782364,0.8191126279863481,1.0,0.8191126279863481
ISIC_0015363,0.8218536376953125,0.8488301329776904,0.7373630576114099,0.8637381749189702,0.8344279822819612
ISIC_0010351,0.9649658203125,0.8122035007361361,0.6837901115548822,0.9989939637826962,0.6842613009922822
ISIC_0000255,0.988800048828125,0.9725073039178965,0.9464858559346748,0.9962397360141202,0.9498792712372869
ISIC_0000545,0.918426513671875,0.9056510536161801,0.8275706360469617,0.9955765947539966,0.8306247976691485
ISIC_0000338,0.9902496337890625,0.9681535011213556,0.938272797527048,0.9961029637985848,0.9417296878029863
ISIC_0002246,0.9930572509765625,0.9509856727351073,0.9065516533169029,0.9568610448731845,0.9451820128479658
ISIC_0014600,0.96826171875,0.7389558232931728,0.5859872611464968,0.997289972899729,0.5869218500797448
ISIC_0000506,0.9887237548828125,0.9413352385488608,0.8891721655668866,0.8910429816651638,0.9976442873969376
ISIC_0000042,0.9512939453125,0.9249964753982801,0.8604590163934426,0.8988492099735136,0.9527105517909003
ISIC_0010357,0.9611358642578125,0.7904566022213082,0.653516528363488,0.653516528363488,1.0
ISIC_0011173,0.994110107421875,0.9185654008438817,0.8493952399531799,0.9757956073509637,0.8676763650856915
ISIC_0000456,0.9644317626953125,0.9354204183404903,0.8786758965283923,0.9904370783220886,0.8861942257217847
ISIC_0013984,0.9769744873046875,0.9290249753069,0.8674571805006588,1.0,0.8674571805006588
ISIC_0014395,0.9616851806640625,0.8895146741760901,0.8010143434503526,1.0,0.8010143434503526
ISIC_0010565,0.97357177734375,0.9444123499582772,0.8946792338096686,0.9531614407877689,0.9358224144510876
ISIC_0007322,0.9860076904296875,0.8945855845499484,0.8092762063227953,0.9140239605355884,0.8759567762269248
ISIC_0014879,0.998077392578125,0.9696239151398265,0.9410388394946186,0.9970252850768468,0.9436884091975598
ISIC_0014480,0.9893646240234375,0.9469437466697115,0.8992337718664161,0.924219910846954,0.9708131730919307
ISIC_0012178,0.7811126708984375,0.3966351209253418,0.2473767051416579,0.9995760016959933,0.24740266554727675
ISIC_0015009,0.961944580078125,0.9766466280877202,0.9543591245150428,0.9988125335171991,0.9554431863984464
ISIC_0000325,0.9868316650390625,0.9769958683193388,0.9550263171608734,0.9965740388275599,0.9581721217191258
ISIC_0000044,0.9649658203125,0.9666715052983017,0.9354929340038771,0.9995797184113356,0.9358610416256781
ISIC_0000364,0.95062255859375,0.9489299917934474,0.9028228228228228,0.983222683716519,0.9169487906792326
ISIC_0000262,0.9736785888671875,0.8307662121063475,0.7105218996475918,0.9985849056603774,0.7112380312447506
ISIC_0001960,0.97308349609375,0.7769347496206374,0.6352357320099256,0.9986996098829649,0.6357615894039735
ISIC_0000243,0.9183807373046875,0.9150507408642623,0.8434041805726331,0.9979562144935569,0.8448634857327194
ISIC_0010184,0.9586944580078125,0.8182123430259888,0.6923514035685874,0.9968908525609557,0.6938496583143507
ISIC_0011386,0.9738616943359375,0.8457729359863149,0.7327613104524181,0.7784222737819025,0.9258821210329193
ISIC_0013673,0.932281494140625,0.4298561151079137,0.27376861397479957,1.0,0.27376861397479957
ISIC_0015987,0.992431640625,0.8815663801337152,0.7882152006831767,0.9579657498702646,0.816452896948253
ISIC_0013981,0.54144287109375,0.23826421981141643,0.13524401473296502,1.0,0.13524401473296502
ISIC_0015170,0.92889404296875,0.8993520518358531,0.8171114599686028,1.0,0.8171114599686028
ISIC_0000538,0.9928741455078125,0.9790347923681257,0.9589306129628001,0.9800467373719216,0.9780249349717464
ISIC_0010851,0.96343994140625,0.8726750983101287,0.7741114358442538,0.7779988629903354,0.9935866408518877
ISIC_0000348,0.981658935546875,0.9546483549652882,0.9132317909478092,0.9283774858736332,0.9824493282596878
ISIC_0000216,0.976776123046875,0.9750997971336953,0.9514095073907353,0.9987264988773082,0.9525651270576954
ISIC_0009962,0.85784912109375,0.8831849529780564,0.790806817416298,0.7926757900423157,0.9970273483947681
ISIC_0001292,0.993072509765625,0.9366098855068417,0.8807773109243697,0.9439909935265972,0.9293433083956775
ISIC_0013213,0.9757537841796875,0.8107657496725021,0.6817544562387342,0.9551066217732884,0.7043244361680115
ISIC_0000288,0.9593658447265625,0.9748215383160781,0.9508798465341056,0.9949241517736519,0.9555151897091806
ISIC_0009988,0.9557952880859375,0.9763264772457976,0.9537479045262234,0.9560374489877571,0.997495324605931
ISIC_0013603,0.9945526123046875,0.8682170542635659,0.7671232876712328,1.0,0.7671232876712328
ISIC_0015544,0.966522216796875,0.9275046259582342,0.8648099081890444,0.9857423795476893,0.8757643828778235
ISIC_0001247,0.97442626953125,0.8172300981461288,0.690945970864835,0.9994665244065084,0.6912008854454897
ISIC_0014845,0.96624755859375,0.8984016167554658,0.8155436957971981,1.0,0.8155436957971981
ISIC_0010017,0.951141357421875,0.9389793040362846,0.8849773690638695,0.892123845736013,0.9910294058489882
ISIC_0013626,0.868560791015625,0.6687687456740752,0.502368573079145,1.0,0.502368573079145
ISIC_0015309,0.99090576171875,0.9692656765676568,0.9403642185311186,0.9840837696335079,0.9548872180451128
ISIC_0000368,0.963714599609375,0.9720017896248853,0.9455286787612242,0.9871105052968888,0.9573486095971426
ISIC_0000546,0.858367919921875,0.8239043824701195,0.7005420054200542,1.0,0.7005420054200542
ISIC_0013996,0.950531005859375,0.7889872429054934,0.6515102655057509,0.9874551971326165,0.6569477563407761
ISIC_0012335,0.9898529052734375,0.7806004618937644,0.6401515151515151,0.6401515151515151,1.0
ISIC_0015158,0.6953887939453125,0.4138356285051531,0.2609033691225472,0.9970288624787776,0.26110637667197745
ISIC_0000525,0.961639404296875,0.9502886973028553,0.9052857627246355,0.9989606718217344,0.9061392261859869
ISIC_0010567,0.9901275634765625,0.9564104291585259,0.9164622336991608,0.9867927151397192,0.927843137254902
ISIC_0000358,0.956024169921875,0.8805240029848271,0.7865501407198934,0.9335443037974683,0.8332025733563471
ISIC_0013104,0.9729766845703125,0.8648813611047532,0.7619303669848098,1.0,0.7619303669848098
ISIC_0015295,0.911865234375,0.94302398989899,0.892190533074511,1.0,0.892190533074511
ISIC_0013208,0.9446563720703125,0.21882403618350205,0.12285368802902055,1.0,0.12285368802902055
ISIC_0013383,0.9945220947265625,0.9173382454524522,0.8472990216928966,1.0,0.8472990216928966
ISIC_0014181,0.887969970703125,0.8634656153531445,0.7597355847895805,0.7710139151804988,0.981109749397794
ISIC_0014229,0.987060546875,0.8729016786570744,0.774468085106383,1.0,0.774468085106383
ISIC_0012148,0.96380615234375,0.7291000456829603,0.573687994248742,1.0,0.573687994248742
ISIC_0014027,0.9308929443359375,0.6453684128102732,0.4764161849710983,0.4764161849710983,1.0
ISIC_0014185,0.987030029296875,0.9188001528467712,0.8497967838840784,0.9977178423236515,0.8514518413597734
ISIC_0000176,0.9884490966796875,0.9649195977570787,0.9322170487106017,0.9393665974916539,0.9919016768292683
ISIC_0013390,0.9895172119140625,0.9171790235081374,0.8470273881095525,1.0,0.8470273881095525
ISIC_0010062,0.8892059326171875,0.9305493118059475,0.8701189517932206,0.9973755433445419,0.8721157466339172
ISIC_0015050,0.75360107421875,0.8391537342869095,0.7228810214343326,0.999976260564049,0.7228934271494766
ISIC_0000246,0.908111572265625,0.9136234544880806,0.8409823078954317,0.9947215541743448,0.8447521285907535
ISIC_0013789,0.9940185546875,0.8185185185185185,0.6927899686520376,1.0,0.6927899686520376
ISIC_0009937,0.982818603515625,0.8810982048574446,0.7874669686674217,0.861805412104937,0.9012745733419745
ISIC_0009888,0.9896087646484375,0.952933858594236,0.9100990099009901,0.9819114086312491,0.9256176154672395
ISIC_0000068,0.979248046875,0.9721140045109699,0.945741073209655,1.0,0.945741073209655
ISIC_0015232,0.91680908203125,0.8706524317912218,0.7709339943699844,0.8096099541122485,0.9416504156830545
ISIC_0015208,0.9582366943359375,0.9461951286638228,0.8978845651606163,0.9920441897852343,0.9043968432919955
ISIC_0013023,0.990692138671875,0.8762677484787018,0.779783393501805,1.0,0.779783393501805
ISIC_0009564,0.9974212646484375,0.9595209580838323,0.9221915285451197,0.9871858058156727,0.9333643988816402
ISIC_0014037,0.7855682373046875,0.7250709185170694,0.5687147066044684,0.9315805348883973,0.5935047881369503
ISIC_0000119,0.9852142333984375,0.9564865957160179,0.9166021172217919,0.9644118446074437,0.948690539818279
ISIC_0010496,0.650390625,0.6730127015841302,0.5071734314168334,1.0,0.5071734314168334
ISIC_0014973,0.95086669921875,0.9640993622619631,0.9306871017737214,0.9769081296036874,0.9516221332042083
ISIC_0000161,0.93341064453125,0.9358801057890096,0.8794874627195405,0.9935733449803457,0.8845192467922013
ISIC_0002829,0.9925079345703125,0.9573895686887095,0.9182620276344265,0.9949494949494949,0.922562301388192
ISIC_0012378,0.9972991943359375,0.929058116232465,0.8675149700598802,0.90546875,0.9539094650205762
ISIC_0013090,0.998260498046875,0.9498239436619719,0.9044425817267393,0.980909090909091,0.9206484641638225
ISIC_0010232,0.926300048828125,0.9502123448645529,0.905147188782624,0.9740896506540989,0.9274776134419962
ISIC_0014797,0.9924468994140625,0.9139579349904398,0.8415492957746479,0.9996197718631179,0.8418187640089657
ISIC_0009910,0.958526611328125,0.9459255132898297,0.897399116681137,0.9182309772112784,0.9753425781570526
ISIC_0015964,0.99774169921875,0.9594520547945204,0.9220642443391258,0.9249867934495509,0.9965850882185544
ISIC_0014869,0.8100128173828125,0.7498744450471082,0.5998393058010606,1.0,0.5998393058010606
ISIC_0000183,0.9821014404296875,0.9802102137566852,0.9611884988253979,0.9684624616615549,0.9922464733408478
ISIC_0012740,0.996490478515625,0.8634204275534442,0.7596656217345873,1.0,0.7596656217345873
ISIC_0010553,0.989471435546875,0.9622042068361086,0.9271614061015517,0.93875587858059,0.9868539325842697
ISIC_0000264,0.91070556640625,0.9137331210566662,0.8411681684941917,0.9823137876386688,0.8541035109959764
ISIC_0010592,0.993316650390625,0.8514246947082769,0.7412876550502068,1.0,0.7412876550502068
ISIC_0000361,0.9718017578125,0.9577696526508227,0.9189615856867216,0.9490512205063176,0.9666497532173993
ISIC_0011225,0.9931182861328125,0.8715465679293649,0.7723372034326098,0.996742671009772,0.7742914979757085
ISIC_0011212,0.9542694091796875,0.9566199140214512,0.9168470118195439,0.9319739402656739,0.9826048171275646
ISIC_0014385,0.8368377685546875,0.8418686502713654,0.7269198355338764,0.9867914716588664,0.7340623065813906
ISIC_0013037,0.9972686767578125,0.9535667963683528,0.9112543381259296,0.9171656686626747,0.9929767693138843
ISIC_0010455,0.950103759765625,0.9557318459955596,0.9152168840260313,0.9945901777915528,0.9197957109727181
ISIC_0011164,0.97381591796875,0.8686667687126894,0.7678257340008118,0.984559333795975,0.7771843330594358
ISIC_0016045,0.9967803955078125,0.9252568189868934,0.8609096901779829,0.9901440485216073,0.8683510638297872
ISIC_0000317,0.9558258056640625,0.6069246435845214,0.43567251461988304,1.0,0.43567251461988304
ISIC_0012116,0.7196807861328125,0.23514717515300385,0.13323897145553196,0.9812369701181376,0.13357930088453715
ISIC_0015976,0.9954681396484375,0.9301012002824195,0.8693356797184338,0.8704845814977974,0.9984840828701365
ISIC_0000018,0.9052276611328125,0.8317577267925347,0.711973659803376,1.0,0.711973659803376
ISIC_0012677,0.996856689453125,0.8677792041078306,0.7664399092970522,1.0,0.7664399092970522
ISIC_0013799,0.9900360107421875,0.8951004016064257,0.8101192207036929,1.0,0.8101192207036929
ISIC_0013667,0.9581756591796875,0.8806028662281657,0.7866760059148572,1.0,0.7866760059148572
ISIC_0007344,0.99322509765625,0.9611140304781923,0.9251390996459282,0.979471617279543,0.9434319119669876
ISIC_0013516,0.6658935546875,0.2794998354721948,0.16245266419309184,1.0,0.16245266419309184
ISIC_0000012,0.9854278564453125,0.871760440445817,0.7726731730540347,1.0,0.7726731730540347
ISIC_0000184,0.9521026611328125,0.9446003423871798,0.8950167224080268,0.9986565660335112,0.8960956335387088
ISIC_0012897,0.99053955078125,0.6990291262135923,0.5373134328358209,1.0,0.5373134328358209
ISIC_0000016,0.9936065673828125,0.9843604195438767,0.9692024990812201,0.975079494195075,0.9938197166113958
ISIC_0014762,0.9148712158203125,0.9463944270958443,0.8982435661261787,1.0,0.8982435661261787
ISIC_0014820,0.99365234375,0.9372170238454574,0.8818517466628799,1.0,0.8818517466628799
ISIC_0016051,0.99688720703125,0.9479857215706273,0.9011148812409113,0.9983888292158969,0.9024271844660194
ISIC_0000127,0.842987060546875,0.7769540902588113,0.6352615908124203,0.6381796816579425,0.9928535815190295
ISIC_0012663,0.996673583984375,0.9383832673827021,0.8839190628328009,0.9857482185273159,0.895361380798274
ISIC_0014541,0.9124298095703125,0.7997347942910981,0.6662984067914873,0.7099312310265783,0.9155480984340044
ISIC_0000513,0.9775848388671875,0.9566551591868049,0.9169117647058823,0.9427192370318679,0.9710092842168314
ISIC_0013529,0.9929656982421875,0.9190233620235377,0.8501787455313617,1.0,0.8501787455313617
ISIC_0009966,0.992401123046875,0.9810876500075953,0.9628773760715617,0.9758253380675379,0.9864070255822833
ISIC_0010240,0.81524658203125,0.6664462809917355,0.4997521070897372,1.0,0.4997521070897372
ISIC_0014270,0.9683990478515625,0.8128332580207862,0.6846833130328868,0.738302413396815,0.9041013268998793
ISIC_0016005,0.98858642578125,0.944870283018868,0.8955015367421068,0.9385065885797951,0.9513208667260314
ISIC_0014688,0.8218536376953125,0.8911594432584112,0.8036858300684367,0.8751281675699428,0.9077890258494615
ISIC_0012097,0.9978485107421875,0.9664844307107203,0.9351425942962281,0.9946183953033269,0.9398982894128525
ISIC_0013897,0.9898834228515625,0.8572658772874058,0.7501883948756594,0.9915338645418327,0.7550246492226015
ISIC_0010206,0.99224853515625,0.9560096986491167,0.9157266091572661,0.918774966711052,0.9963898916967509
ISIC_0015140,0.8792877197265625,0.9160093004490969,0.8450342801175318,1.0,0.8450342801175318
ISIC_0013189,0.8674163818359375,0.6511422491669009,0.48273604000476245,0.9915627292736611,0.4847271205690717
ISIC_0013026,0.9969329833984375,0.8194070080862533,0.6940639269406392,1.0,0.6940639269406392
ISIC_0009994,0.9681549072265625,0.9122777520911268,0.8387046912435273,0.9962361149361976,0.8413707551558381
ISIC_0009885,0.9944305419921875,0.9519294086658765,0.9082684091480271,0.9302445302445302,0.9746494066882416
ISIC_0000037,0.9141998291015625,0.8886512604209984,0.7996151241937208,0.7996151241937208,1.0
ISIC_0014625,0.93499755859375,0.8681441129132103,0.7670094071319186,0.9730779905634194,0.7836388019669199
ISIC_0010201,0.955902099609375,0.9580393181752185,0.9194582241792543,0.9870456245325355,0.9306891590735987
ISIC_0012661,0.9713134765625,0.8531479456334947,0.7439041002588204,0.8265476010292114,0.8815173527037934
ISIC_0013921,0.993072509765625,0.8996906760936809,0.8176706827309237,1.0,0.8176706827309237
ISIC_0012965,0.9982147216796875,0.9052631578947368,0.8269230769230769,0.9982142857142857,0.8281481481481482
ISIC_0013399,0.9788818359375,0.8172213417855256,0.6909334524341224,0.9364406779661016,0.7249297094657919
ISIC_0008029,0.9944000244140625,0.9512292358803988,0.9069944247339078,0.9463246959280803,0.9561848784397542
ISIC_0000019,0.9822845458984375,0.9718634127426509,0.945266830096172,0.954445925361767,0.9899284127375957
ISIC_0013397,0.9809722900390625,0.901180759172676,0.8201355834415116,0.9954481792717087,0.8232228174315911
ISIC_0000225,0.9948577880859375,0.9743823641201065,0.9500444707975096,0.9919517102615694,0.9574245593068419
ISIC_0012725,0.9967193603515625,0.9409502883823125,0.8884854771784232,0.9982517482517482,0.8898701298701299
ISIC_0001427,0.9923858642578125,0.9384786092960178,0.8840882694541231,0.8934272300469484,0.988314723448455
ISIC_0011177,0.976837158203125,0.9693630418987649,0.940547526730114,0.9574977074279335,0.9815261372460866
ISIC_0009941,0.9884185791015625,0.9643477852412045,0.9311502177068215,0.9459085882786583,0.9835201686308326
ISIC_0012670,0.9738006591796875,0.6741317137976846,0.508445462353278,0.9694323144104804,0.5167297061390748
ISIC_0002251,0.9844970703125,0.9239976062238181,0.8587319243604005,0.8596881959910914,0.9987063389391979
ISIC_0015360,0.9244384765625,0.8788649706457926,0.7839064409146448,0.8638199653779572,0.8944433379804819
ISIC_0014920,0.9859771728515625,0.9490717650318649,0.9030795190887998,0.9929267161410018,0.9089268655132151
ISIC_0014932,0.720428466796875,0.6870815685202897,0.5233238806358457,0.5266258246936852,0.9881607388484968
ISIC_0014806,0.889495849609375,0.7871627578910245,0.6490258796161675,0.993766696349065,0.6516788321167883
ISIC_0013936,0.9968109130859375,0.9361051666157139,0.8798850574712643,0.9890180878552972,0.8885664538595474
ISIC_0002647,0.988189697265625,0.8723614775725593,0.7736180169640245,0.9936138241923366,0.7774838330393886
ISIC_0012684,0.9803924560546875,0.9357660584853785,0.8792860497886331,1.0,0.8792860497886331
ISIC_0012887,0.99517822265625,0.8897418004187021,0.8013827781269641,0.9992163009404389,0.8018867924528302
ISIC_0016065,0.99798583984375,0.9153846153846154,0.8439716312056738,0.9916666666666667,0.85
ISIC_0014026,0.996734619140625,0.9597744360902256,0.922659920491507,0.997265625,0.925
ISIC_0012726,0.99066162109375,0.7753303964757708,0.6330935251798561,1.0,0.6330935251798561
ISIC_0010853,0.99041748046875,0.9184627369514412,0.84921968787515,0.9910339030540768,0.8557948221630777
ISIC_0011165,0.9509124755859375,0.9165001168012044,0.8458700651590648,0.8458700651590648,1.0
ISIC_0011214,0.969757080078125,0.971076671628287,0.9437794292846202,0.9806938426621865,0.9616462903552125
ISIC_0016008,0.848388671875,0.6635969664138678,0.4965545196595055,0.9472259810554804,0.5106826472120897
ISIC_0014059,0.996612548828125,0.9572089437162684,0.9179297597042514,0.9912175648702595,0.9254565784569512
ISIC_0010319,0.9337005615234375,0.9361170330074249,0.8799060254284135,0.9861532742704913,0.8909131615033722
ISIC_0016017,0.9977569580078125,0.9504215851602024,0.9055269922879178,0.9805149617258176,0.9221204188481675
ISIC_0015026,0.9940643310546875,0.9278694604116448,0.8654444828778969,0.9593558282208589,0.8983842010771993
ISIC_0013594,0.9782257080078125,0.9798346640288278,0.9604665336879432,0.9826814058956916,0.977004368042835
ISIC_0003056,0.93780517578125,0.5125568045922029,0.3445891622447339,1.0,0.3445891622447339
ISIC_0011292,0.9868011474609375,0.9408547008547008,0.8883150419625565,0.8944357774310973,0.9923554017020049
ISIC_0015537,0.821868896484375,0.8442843804188342,0.7305295231060431,1.0,0.7305295231060431
ISIC_0002438,0.978759765625,0.8733854829907222,0.7752300984983045,0.9977140482128013,0.7766095114849563
ISIC_0010015,0.977264404296875,0.9614907474413315,0.9258374396495943,0.99855056903586,0.9270833333333334
ISIC_0014423,0.8538818359375,0.5576905311778291,0.3866649586882726,0.8923872875092387,0.40557608330534095
ISIC_0013643,0.9950103759765625,0.9488822885727685,0.9027364663890541,0.9905352480417755,0.9105910591059105
ISIC_0010235,0.8867034912109375,0.9363747761334716,0.8803615739099611,0.9850183889810341,0.8923094510950336
ISIC_0000193,0.962677001953125,0.936743560566877,0.8810137666001848,0.9032917705735661,0.9727682887528198
ISIC_0000165,0.9836273193359375,0.9313016198220115,0.8714354181643901,0.9884479478119054,0.8804018883912359
ISIC_0000063,0.963165283203125,0.9553921206297583,0.9145940208738723,0.9164746339561102,0.9977613956540199
ISIC_0014132,0.7086639404296875,0.578641890848101,0.40710492811228766,0.9864559819413092,0.40939324860256693
ISIC_0014093,0.990997314453125,0.8774407976734525,0.7816432272390822,1.0,0.7816432272390822
ISIC_0009942,0.9745635986328125,0.938169949185861,0.8835405896325276,0.991921568627451,0.8899444092604321
ISIC_0014775,0.89764404296875,0.9162588634774793,0.8454591531124729,0.8718521334220279,0.9654319688519415
ISIC_0014628,0.9782257080078125,0.8511836479299197,0.7409222948438635,0.9992654260528894,0.7413260672116257
ISIC_0012379,0.8975677490234375,0.8847889886213466,0.7933825792551554,0.8244418857544937,0.954668345616829
ISIC_0013319,0.994873046875,0.9617573412246756,0.9263319447489585,0.976878612716763,0.9470970634386908
ISIC_0013075,0.9868011474609375,0.8968395945140131,0.812972972972973,1.0,0.812972972972973
ISIC_0013124,0.961090087890625,0.6194029850746269,0.4486486486486487,0.8894127732533219,0.4751545683535608
ISIC_0010361,0.6253509521484375,0.7292197408326441,0.5738362203631062,0.9977366006760019,0.5745841950676932
ISIC_0014221,0.9452056884765625,0.8922818489966104,0.805513431542461,0.8171529036866106,0.9826242071881607
ISIC_0000206,0.971588134765625,0.9202910958904109,0.8523511220363175,0.9679423683025664,0.8771113831089351
ISIC_0010570,0.9268035888671875,0.8917473427662311,0.8046426389737324,0.8052985530874261,0.9989887754070179
ISIC_0013561,0.6833953857421875,0.31091627644382447,0.18407392843098702,0.9913172384582803,0.18437118437118438
ISIC_0014832,0.9481048583984375,0.9113422486379396,0.8371246587807097,1.0,0.8371246587807097
ISIC_0014904,0.914642333984375,0.8130972268626796,0.6850579889652066,1.0,0.6850579889652066
ISIC_0014788,0.9598388671875,0.8475263584752636,0.7353976073187896,0.99836222191893,0.7362858580775038
ISIC_0013320,0.992279052734375,0.9561068702290075,0.9159049360146252,0.9998185776487664,0.9160571808510638
ISIC_0011323,0.9647064208984375,0.8851824274013403,0.7940154955917713,0.9843232501655995,0.8041850816271309
ISIC_0013797,0.9814910888671875,0.935509596469775,0.8788332833882729,0.98455684870188,0.8911171882912995
ISIC_0010573,0.9485931396484375,0.9278169391296895,0.8653531033931497,0.866218594975196,0.9988467038796881
ISIC_0010576,0.9237823486328125,0.8883624254073264,0.7991475330733041,0.9974404015056462,0.8007897493754533
ISIC_0013995,0.9595947265625,0.6841603053435115,0.5199419869470631,1.0,0.5199419869470631
ISIC_0011348,0.7527618408203125,0.8102893137725532,0.681080974688029,0.6961113681627069,0.9692717086834733
ISIC_0003174,0.993377685546875,0.9279787587122469,0.8656346749226006,0.9042690815006468,0.9529652351738241
ISIC_0015969,0.847442626953125,0.5546151104775481,0.38371447944276643,0.6268882175226587,0.4972839111679182
ISIC_0000213,0.9829864501953125,0.9779317169717961,0.9568164213787761,0.9911337559175158,0.9650767608109692
ISIC_0014316,0.939697265625,0.7497467071935157,0.5996758508914101,1.0,0.5996758508914101
ISIC_0013794,0.99505615234375,0.9418938307030129,0.8901694915254237,0.9846269216347957,0.9027157098659333
ISIC_0014263,0.9958648681640625,0.9257330775554946,0.861734693877551,0.9321192052980133,0.91943385955362
ISIC_0014778,0.99102783203125,0.9456762749445676,0.8969505783385909,0.999609375,0.89726507713885
ISIC_0014930,0.987030029296875,0.9601649639141437,0.9233820082927708,0.998829953198128,0.9243818805269807
ISIC_0010462,0.9945831298828125,0.9680726684054322,0.9381209691476381,0.9893382352941177,0.9477020602218701
ISIC_0000036,0.9876251220703125,0.9841734480807135,0.9688400507165635,0.9834633385335413,0.9848845838378315
ISIC_0014131,0.9979400634765625,0.9335302806499262,0.8753462603878116,0.9159420289855073,0.9518072289156626
ISIC_0013803,0.99615478515625,0.8388746803069054,0.7224669603524229,1.0,0.7224669603524229
ISIC_0000057,0.99267578125,0.9814914783681653,0.963655637162111,0.99437456051254,0.9689379520365435
ISIC_0013204,0.9878387451171875,0.8494806421152029,0.7383453709783322,1.0,0.7383453709783322
ISIC_0012888,0.994476318359375,0.9451348893604122,0.8959770114942529,0.9993589743589744,0.8964922369177688
ISIC_0014851,0.8619537353515625,0.7139831178274478,0.5551895373420522,1.0,0.5551895373420522
ISIC_0010034,0.9833831787109375,0.9766263870704643,0.9543204697986577,0.9630868221648393,0.9905520724486242
ISIC_0010606,0.992645263671875,0.9800496688741723,0.9608797987176365,0.9756881490028021,0.984450357558623
ISIC_0014834,0.944610595703125,0.8760838396941353,0.7794921637711092,1.0,0.7794921637711092
ISIC_0010233,0.969696044921875,0.9566148199930095,0.9168376533645994,1.0,0.9168376533645994
ISIC_0014546,0.8568115234375,0.8849943624687484,0.7937129039349308,0.9468439409435397,0.8307295860847157
ISIC_0000409,0.9951171875,0.9730367374452309,0.9474893337709223,0.9895458440445587,0.9570694513509034
ISIC_0001423,0.9741973876953125,0.7898595749968933,0.6527007599096324,0.6527007599096324,1.0
ISIC_0010849,0.926116943359375,0.880521146918028,0.7865455827896315,0.809417955813637,0.9653194827679489
ISIC_0013558,0.9806671142578125,0.7590796729416238,0.6117070180815201,0.9384109073812882,0.6372924648786717
ISIC_0009980,0.963531494140625,0.9793851780292576,0.9596031303348377,0.9877344375239222,0.9711758869615793
ISIC_0014713,0.95758056640625,0.9156502214940228,0.8444233029268565,0.9530697321879738,0.8810580404063997
ISIC_0013663,0.8810882568359375,0.7569472600817141,0.6089421918908069,0.9972879684418146,0.6099522493088716
ISIC_0011109,0.8640289306640625,0.8994550193507622,0.8172814697861346,0.9831771090281204,0.8288726682887266
ISIC_0000214,0.8994598388671875,0.8307866149618633,0.7105517483746266,0.9990117966771663,0.7110515210128363
ISIC_0012676,0.9947662353515625,0.85002186270223,0.7391634980988593,1.0,0.7391634980988593
ISIC_0012263,0.9924163818359375,0.8985921240563151,0.8158577250833642,0.8581449727201871,0.9430406852248394
ISIC_0010854,0.975067138671875,0.8854779927109616,0.7944912589611369,0.7944912589611369,1.0
ISIC_0014925,0.9878082275390625,0.9458488647915961,0.8972611546868973,0.9985689753863767,0.8984163769795288
ISIC_0000253,0.994415283203125,0.9718158016325275,0.945176752546435,0.9813374805598756,0.962477120195241
ISIC_0012789,0.99267578125,0.7604790419161677,0.6135265700483091,0.9934810951760105,0.6160064672594988
ISIC_0016050,0.9961090087890625,0.892992026856903,0.8066717210007581,1.0,0.8066717210007581
ISIC_0014661,0.98321533203125,0.9517077882167003,0.9078649803166094,0.9999077490774908,0.9079410286480147
ISIC_0015966,0.963226318359375,0.65970064953403,0.4922039612305099,0.49366018596787825,0.9940425531914894
ISIC_0015002,0.8607177734375,0.8743599625612508,0.7767669356810957,0.9997796594164122,0.7768999339578798
ISIC_0012792,0.983306884765625,0.9003098232185165,0.8186940669539278,0.8305312710154674,0.9828889773179467
ISIC_0009927,0.975616455078125,0.9140860215053763,0.8417665115357956,0.8472194538568866,0.9924118608452019
ISIC_0011104,0.96240234375,0.9550823975499488,0.914026517794836,0.9290350037238004,0.9826325068457181
ISIC_0014299,0.884063720703125,0.13874404896848788,0.07454323995127893,1.0,0.07454323995127893
ISIC_0013187,0.9781036376953125,0.9011367550809507,0.8200626959247649,1.0,0.8200626959247649
ISIC_0015129,0.979888916015625,0.9478680484138913,0.9009022556390978,1.0,0.9009022556390978
ISIC_0010102,0.8004608154296875,0.7334108005626567,0.5790439401255432,0.9666290504594551,0.5908553409538826
ISIC_0012654,0.9859619140625,0.7445863409217102,0.5931003980539584,1.0,0.5931003980539584
ISIC_0000355,0.9703216552734375,0.9620035554513664,0.9267888734143863,0.9667818438825192,0.957272267796742
ISIC_0012282,0.9756317138671875,0.8156102066735943,0.6886332618444141,1.0,0.6886332618444141
ISIC_0014596,0.97637939453125,0.6046986721144024,0.4333821376281113,1.0,0.4333821376281113
ISIC_0015291,0.967071533203125,0.9082170806396734,0.8318659914296844,0.8319308087891538,0.9999063495036523
ISIC_0000092,0.993133544921875,0.9621594349142281,0.9270782693242586,0.9998252359314925,0.927228525121556
ISIC_0010857,0.9481964111328125,0.9686417586477624,0.9391903994268315,0.9461556505891481,0.9922226847821973
ISIC_0009430,0.9925689697265625,0.9497368149447826,0.9042845911949685,0.9119920713577799,0.9907407407407407
ISIC_0001140,0.98663330078125,0.9768253968253969,0.9547005895128762,0.9597629444791017,0.9945054945054945
ISIC_0010212,0.8833770751953125,0.8513700095288101,0.7412047540039955,1.0,0.7412047540039955
ISIC_0012358,0.940155029296875,0.7016582991023886,0.540426529177408,0.998052369616966,0.5409970674486804
ISIC_0015476,0.9799346923828125,0.9523775033498715,0.9090846238938053,0.9459712230215828,0.9588711441697659
ISIC_0014001,0.976593017578125,0.8952615048477399,0.8103831891223733,0.848343685300207,0.9476727377854871
ISIC_0009956,0.990081787109375,0.9813892229284774,0.9634585113559703,0.9684127253206758,0.9947182076731093
ISIC_0012495,0.994964599609375,0.907769703745109,0.8311156601842374,0.9902439024390244,0.8379772961816305
ISIC_0013806,0.9966888427734375,0.9310892346776755,0.8710635769459298,0.9932249322493225,0.8762701733413031
ISIC_0012511,0.991302490234375,0.9236743438671665,0.8581736750435431,0.9991309385863267,0.8588147410358565
ISIC_0012706,0.9494476318359375,0.5505358838692173,0.37982029202545864,0.37982029202545864,1.0
ISIC_0013044,0.996978759765625,0.9239631336405529,0.8586723768736617,0.9958609271523179,0.8617478510028653
ISIC_0015975,0.9963226318359375,0.9591456179013392,0.9214983713355049,0.9284542172628816,0.9919354838709677
ISIC_0015233,0.9619903564453125,0.9243845429985126,0.8594005757182367,0.9319948582971169,0.9168975069252078
ISIC_0013271,0.9971466064453125,0.9612916580418133,0.9254683140693504,0.9805743243243243,0.9427527405602923
ISIC_0011322,0.9465789794921875,0.9297199638663053,0.8686698176907495,0.8723348150380472,0.9951867291245864
ISIC_0012332,0.9942169189453125,0.9601848933711524,0.9234188724994948,0.9840654608096469,0.9374358974358974
ISIC_0001190,0.99261474609375,0.8817782120175868,0.7885539536915683,0.9223300970873787,0.844642021525503
ISIC_0011114,0.9498748779296875,0.8640258288836459,0.7606034105815479,0.9865771812080537,0.7685567010309279
ISIC_0000239,0.97174072265625,0.9645346610494064,0.9314987424175174,0.931602115932379,0.9998808909358002
ISIC_0015043,0.9637298583984375,0.9436476138545792,0.8933075990843395,0.905789186237029,0.9848087485773666
ISIC_0010264,0.940582275390625,0.9461529951877868,0.8978086865240782,0.9368513295177588,0.9556412190284644
ISIC_0003728,0.970458984375,0.7719132893496702,0.6285495011511896,0.9876394332227917,0.6335331657319667
ISIC_0010046,0.9779205322265625,0.9150871427733114,0.8434660320207702,0.8984789121917492,0.932320937462633
ISIC_0013499,0.9753265380859375,0.8496233609225333,0.7385610347615198,1.0,0.7385610347615198
ISIC_0010599,0.9573516845703125,0.9425074565463334,0.8912662906049407,0.9982135854646856,0.8926901496259352
ISIC_0000208,0.8770904541015625,0.92087193139287,0.8533481411353457,0.9908883345313094,0.8600972566290486
ISIC_0015260,0.980072021484375,0.9525229024283846,0.9093496217116679,0.9940060698027314,0.9143634840871022
ISIC_0014651,0.9901885986328125,0.9044718466795424,0.8256034716571738,1.0,0.8256034716571738
ISIC_0016012,0.9842987060546875,0.7762557077625571,0.6343283582089553,0.9994400895856663,0.6345538570920726
ISIC_0012250,0.9969329833984375,0.9542870138730953,0.9125706829056112,0.9952561669829222,0.9165574486675404
ISIC_0014846,0.9631805419921875,0.9673773439506806,0.93681592039801,0.9987995533221664,0.9378719165334102
ISIC_0014476,0.9582061767578125,0.6457120682964688,0.47679083094555874,1.0,0.47679083094555874
ISIC_0011343,0.97918701171875,0.9178511202119971,0.8481745325022262,0.8486468426328099,0.999344262295082
ISIC_0011107,0.8703155517578125,0.8784971908104476,0.7833214358555987,0.7833214358555987,1.0
ISIC_0015211,0.8672332763671875,0.8387001093747104,0.7222080326926761,0.722415610129978,0.9996022978347326
ISIC_0011167,0.8962860107421875,0.9310278344343309,0.870956105710814,0.8906729313089737,0.9752131119661572
ISIC_0012768,0.82208251953125,0.6746651785714286,0.5090526315789474,0.9690605963449823,0.5174627632254751
ISIC_0014518,0.4967041015625,0.3600558767607,0.2195537467761399,1.0,0.2195537467761399
ISIC_0010380,0.940460205078125,0.8073847368940665,0.6769867549668874,0.9948905109489051,0.679348729024755
ISIC_0000477,0.933135986328125,0.9074981001435447,0.8306604320438999,0.8865014228564359,0.9295135135135135
ISIC_0010066,0.9814605712890625,0.9686718407549699,0.9392469623481174,0.9884234897916229,0.9496941200262905
ISIC_0009975,0.960693359375,0.9011132437619963,0.8200237546286593,0.8202529876301629,0.9996593135167362
ISIC_0000228,0.9326019287109375,0.9195988131860131,0.8511642012332783,0.9998416719442685,0.851278940450915
ISIC_0014969,0.955596923828125,0.9227829963381626,0.8566361217853976,0.8615171183669424,0.9934296977660972
ISIC_0014233,0.81842041015625,0.6652601969057664,0.49841938883034775,0.8612527312454479,0.5419340054995417
ISIC_0013523,0.9841461181640625,0.8031824209130517,0.6710984488762266,1.0,0.6710984488762266
ISIC_0000543,0.91986083984375,0.877123204342333,0.7811393090803017,1.0,0.7811393090803017
ISIC_0000528,0.929962158203125,0.7920065252854812,0.6556380823767725,0.9997711932273196,0.6557364748255421
ISIC_0010591,0.8039093017578125,0.7143015940063583,0.5555747682943699,0.9744631808807473,0.5637831198455869
ISIC_0012156,0.995880126953125,0.9001479289940828,0.8184263618022865,0.9975409836065574,0.8200808625336927
ISIC_0013126,0.9980621337890625,0.9486868686868687,0.9023827824750192,0.9848993288590604,0.9150428682774747
ISIC_0000470,0.983612060546875,0.9503513313609467,0.9053994538888399,0.9125532670454546,0.9914158950617284
ISIC_0012216,0.920654296875,0.8086969317930984,0.6788339200790563,0.8088159540805063,0.808577944530273
ISIC_0013374,0.9289703369140625,0.9337753055156421,0.8757772262695808,0.9014943412811779,0.9684539794021306
ISIC_0010604,0.6460113525390625,0.7643790816481987,0.6186194085058113,0.6187516443041305,0.9996546502669819
ISIC_0012245,0.8582305908203125,0.7164352205096903,0.5581605478409739,0.9933982225983918,0.5602386634844869
ISIC_0000451,0.9883270263671875,0.9629522010751126,0.9285514149621743,0.9350136367911219,0.992611821086262
ISIC_0014961,0.92828369140625,0.9385009944520046,0.8841280015778314,0.9603663435273955,0.9176091295225424
ISIC_0011163,0.9876861572265625,0.9466587348800318,0.8987198795180723,0.9042808435408511,0.9932038834951457
ISIC_0015179,0.901214599609375,0.8259022212660679,0.7034356390288594,0.9963018231363135,0.7052771781564323
ISIC_0012512,0.9701080322265625,0.865996306176893,0.7636626854867897,0.9979504966104367,0.7648622522957951
ISIC_0011205,0.9942169189453125,0.9701973735944012,0.9421197312156384,0.9816995544239338,0.9589616042281983
ISIC_0012167,0.9720916748046875,0.6140535978054442,0.44305724725943973,0.44305724725943973,1.0
ISIC_0010075,0.838531494140625,0.8518383691299599,0.7419150285351934,0.743892597755117,0.9964296242916572
ISIC_0013501,0.989471435546875,0.9221570397111912,0.8555578815155955,0.9438799076212471,0.9014115571239524
ISIC_0009950,0.9537353515625,0.9001251729362936,0.8183887391434561,0.8192720513281765,0.9986843067027265
ISIC_0000433,0.872406005859375,0.874973834514518,0.777736430811759,0.777736430811759,1.0
ISIC_0006021,0.9868011474609375,0.8969133595519008,0.8130942091616249,0.8579571363429093,0.9395755305867666
ISIC_0013118,0.993804931640625,0.90917225950783,0.8334700574241182,0.9980353634577603,0.8348397699260477
ISIC_0000510,0.9708709716796875,0.9486261740089884,0.9022729599672367,0.90533182658722,0.9962692894692217
ISIC_0009948,0.95098876953125,0.9487179487179488,0.9024390243902439,0.9054918932098013,0.9962779156327544
ISIC_0000326,0.9843597412109375,0.9502161348292777,0.90515406680855,0.9798657718120806,0.9223081274750141
ISIC_0014099,0.9034881591796875,0.7523007636577248,0.6029504080351538,0.9951305428926648,0.6047346219228106
ISIC_0000077,0.8458251953125,0.8330469266358228,0.7138649750792931,0.9299442948315934,0.7544368958189926
ISIC_0016026,0.99346923828125,0.8610389610389609,0.7559863169897377,0.9902912621359223,0.7616312464101092
ISIC_0000384,0.9920654296875,0.9365698950963649,0.8807065840789172,0.8886574074074074,0.9899432697266632
ISIC_0015983,0.8220977783203125,0.7343283582089551,0.5801886792452831,0.9990699404761905,0.5805022156573116
ISIC_0000097,0.921783447265625,0.861136696104459,0.7561370123691722,1.0,0.7561370123691722
ISIC_0000315,0.9915618896484375,0.9745969038541046,0.9504524684168085,0.9814043852345268,0.9678832116788321
ISIC_0009758,0.973968505859375,0.9045861297539151,0.8257939344429694,0.9996291718170581,0.8260469867211441
ISIC_0000136,0.977996826171875,0.9784724710378598,0.9578522783737176,0.9747181820885756,0.9822557923448131
ISIC_0010073,0.956634521484375,0.9237865379458299,0.8583673876208512,0.9039571743465938,0.9445053739855231
ISIC_0000219,0.859954833984375,0.8404436563401828,0.7247976011994003,0.9927307076265965,0.7286648780634853
ISIC_0013395,0.99407958984375,0.9137777777777778,0.8412438625204582,1.0,0.8412438625204582
ISIC_0000132,0.9876556396484375,0.8804138950480415,0.7863744388698178,0.9993288590604027,0.7867899603698811
ISIC_0016016,0.8848114013671875,0.7332791576864643,0.5788798393395068,0.9968299711815563,0.5799474654892975
ISIC_0013054,0.994415283203125,0.6990131578947368,0.5372945638432364,0.5837912087912088,0.8709016393442623
ISIC_0015078,0.784271240234375,0.8234603666150542,0.6999002356137632,0.9799102499331332,0.7100893722407666
ISIC_0013966,0.7186126708984375,0.15813741154987448,0.08585733406037774,1.0,0.08585733406037774
ISIC_0012324,0.95849609375,0.7260273972602741,0.5698924731182796,1.0,0.5698924731182796
ISIC_0015016,0.8748931884765625,0.8907863013333688,0.8030790661927178,0.9954154386591647,0.8060604599585363
ISIC_0015627,0.966827392578125,0.8692566754871301,0.7687480055313265,0.999308628318584,0.7691570881226054
ISIC_0010249,0.9249420166015625,0.9341331797913793,0.8764070351758794,0.8796116504854369,0.9958602181236795
ISIC_0009909,0.9765625,0.9394321766561514,0.8857822724568709,0.8910165307801631,0.9934117254607623
ISIC_0015401,0.94134521484375,0.8871800892228223,0.7972359953581601,0.9998676898650437,0.7973201097277907
ISIC_0014919,0.9802703857421875,0.946757257566399,0.8988974900304949,1.0,0.8988974900304949
ISIC_0013160,0.9741363525390625,0.9205158264947246,0.8527367506516073,0.9604657990018592,0.8837565280028813
ISIC_0015166,0.900177001953125,0.9013897681709927,0.8204818615882773,0.9685151593677118,0.8429658866647871
ISIC_0013635,0.962493896484375,0.7584037743267152,0.6108296390120329,0.8784153005464481,0.6672431684538223
ISIC_0010461,0.9848480224609375,0.9394622934828996,0.8858358243274316,0.9957353321271647,0.8892094633583382
ISIC_0010202,0.969207763671875,0.9782482160950265,0.9574225673052579,0.999845764018949,0.9575639916436304
ISIC_0014964,0.9015350341796875,0.8920415572248339,0.8051218554646211,0.9997749943748594,0.8052677681457093
ISIC_0010474,0.99530029296875,0.963324601095499,0.9292441994027107,0.9477507029053421,0.9794188861985472
ISIC_0014698,0.9871368408203125,0.9364205445357869,0.8804424904268898,0.9943937209674836,0.8848346636259977
ISIC_0013416,0.997894287109375,0.9148148148148149,0.8430034129692833,0.8546712802768166,0.9840637450199203
ISIC_0010435,0.96435546875,0.8255935493504555,0.7029879211697394,0.9892646269457863,0.7083920563741192
ISIC_0008879,0.99853515625,0.9765853658536585,0.9542421353670162,0.9690222652468539,0.984267453294002
ISIC_0016013,0.990142822265625,0.880458919319023,0.7864462809917355,0.9920767306088407,0.7914171656686627
ISIC_0010003,0.9930267333984375,0.94053350683149,0.8877425693932695,0.993949394939494,0.8925660656952334
ISIC_0011373,0.9681243896484375,0.9791427458889543,0.9591377657805684,0.9814651721377101,0.9768312847381317
ISIC_0000391,0.9380035400390625,0.9124824986537424,0.8390508635715418,0.8492442163505873,0.9858964811022156
ISIC_0016019,0.9929656982421875,0.9220625528317836,0.8553952321204517,0.9400206825232679,0.904777704047777
ISIC_0010568,0.9503021240234375,0.951576693774996,0.907626421622848,0.9437055822594438,0.9595802098950524
ISIC_0002206,0.99237060546875,0.9252392344497608,0.860879243183083,0.946177370030581,0.9052077238150965
ISIC_0015023,0.9602203369140625,0.892454931727239,0.8057955899880811,0.8060958342648483,0.9995379781925707
ISIC_0010360,0.970428466796875,0.9414041240853843,0.8892950988232606,0.9217288336293665,0.9619377162629758
ISIC_0015250,0.9852447509765625,0.960978168758323,0.9248873698928072,0.9994963485268195,0.9253186198321417
ISIC_0012720,0.931304931640625,0.8259222024592066,0.7034646291661177,1.0,0.7034646291661177
ISIC_0010571,0.985260009765625,0.9746016721880423,0.9504615384615385,0.9929283188685311,0.9569392812887236
ISIC_0014703,0.7975006103515625,0.8829604282602368,0.7904468656245065,0.9898951947795136,0.7968767411133574
ISIC_0010252,0.9163818359375,0.9515104323358168,0.907505865275879,0.9871481814676777,0.9183561924607581
ISIC_0010602,0.98046875,0.9819346825867277,0.9645104943577232,0.9701321880751854,0.9940278889015888
ISIC_0012932,0.9370269775390625,0.8261949884186144,0.7038605051664754,0.8575799965028851,0.7970260827171528
ISIC_0000276,0.9678955078125,0.9632848218336649,0.9291701733714863,0.9951326795500433,0.9334122421373013
ISIC_0016041,0.992340087890625,0.9211683417085428,0.8538573508005822,0.9734483903086625,0.8742175856929956
ISIC_0004715,0.9920501708984375,0.9487557784990657,0.9025074850299402,0.9127554882664648,0.9877124718410814
ISIC_0014361,0.9835968017578125,0.8666087603921082,0.764615721480184,1.0,0.764615721480184
ISIC_0015958,0.986175537109375,0.7459338194054962,0.5948121645796064,0.600451467268623,0.9844559585492227
ISIC_0010459,0.96063232421875,0.9714494389482771,0.9444838938738622,0.9840817882205233,0.9591372943207395
ISIC_0011339,0.9790191650390625,0.9504593766888849,0.9055956059045658,0.9999241907361079,0.9056577863224389
ISIC_0000476,0.9438934326171875,0.9362417852993706,0.8801264914911652,0.9028191151389493,0.9722342264477096
ISIC_0016042,0.994720458984375,0.8869281045751634,0.7968291250733999,0.8209316394434362,0.9644633972992182
ISIC_0000390,0.9359893798828125,0.9196898631185987,0.8513202197412724,0.8524380722549507,0.9984619861163071
ISIC_0013997,0.9891204833984375,0.8987359750035506,0.8160949187516121,1.0,0.8160949187516121
ISIC_0000188,0.826446533203125,0.8704880326114185,0.7706762369450381,1.0,0.7706762369450381
ISIC_0014962,0.7533721923828125,0.7856962914838043,0.6470344164919637,0.9643287225386493,0.6629004832647217
ISIC_0011135,0.98095703125,0.9492022142624552,0.9033157731639293,0.9966663817420293,0.9060533063952133
ISIC_0014392,0.953369140625,0.8967776801999594,0.8128712265017451,0.8128712265017451,1.0
ISIC_0015021,0.9541015625,0.8975686167676905,0.814171866312473,0.9998482664441242,0.8142724745134383
ISIC_0010588,0.9521636962890625,0.974351002642624,0.9499848438920885,0.9986415550002515,0.9512140575079873
ISIC_0014610,0.9794921875,0.7809647979139505,0.6406417112299465,1.0,0.6406417112299465
ISIC_0006940,0.984710693359375,0.8899868247694335,0.801780415430267,0.9985218033998522,0.8027332144979203
ISIC_0015411,0.9947357177734375,0.9756510692356554,0.9524596940884663,0.9716052853528254,0.9797306874557051
ISIC_0014617,0.98468017578125,0.7695133149678604,0.6253731343283582,1.0,0.6253731343283582
ISIC_0013224,0.9937591552734375,0.8898464853218422,0.8015526443474041,1.0,0.8015526443474041
ISIC_0000236,0.969146728515625,0.9693896088167615,0.9405975498692676,0.9971658153731158,0.9431188877106162
ISIC_0012969,0.9776458740234375,0.68075833514927,0.5160224644862901,1.0,0.5160224644862901
ISIC_0012363,0.9891357421875,0.9074844074844074,0.8306374881065651,0.9814502529510961,0.8438859352344128
ISIC_0013935,0.9971160888671875,0.9334272631208171,0.8751651254953765,0.9917664670658682,0.8815701929474384
ISIC_0013819,0.9911041259765625,0.9194640143666253,0.8509332651495781,0.9530355097365406,0.8881772084334134
ISIC_0010856,0.9577789306640625,0.9220233901648585,0.8553278259960263,0.9640520949967588,0.8835061568373299
ISIC_0012940,0.9753875732421875,0.7221360895779501,0.5651118899973039,0.9961977186311787,0.5663334233990813
ISIC_0014311,0.938323974609375,0.8597696364140992,0.7540315219375646,0.7834471421345472,0.9525676506765067
ISIC_0013689,0.995361328125,0.7877094972067039,0.6497695852534562,1.0,0.6497695852534562
ISIC_0013606,0.9799957275390625,0.6332867132867134,0.46336471551371267,1.0,0.46336471551371267
ISIC_0014743,0.9464569091796875,0.9375522770550444,0.8824455611390285,0.9744016572337514,0.9033884354208107
ISIC_0015330,0.94287109375,0.8504075435512227,0.7397469762268872,1.0,0.7397469762268872
ISIC_0012883,0.9912109375,0.8749457229700391,0.7776920108066384,0.9975247524752475,0.7791956689868523
ISIC_0013167,0.993011474609375,0.9701939346609397,0.94211324570273,0.9928076718167288,0.9485874268261644
ISIC_0000353,0.9751739501953125,0.9480639703769912,0.9012562966559446,0.9535122640297933,0.9426775852218625
ISIC_0014943,0.9918975830078125,0.9740202553940994,0.9493562231759657,0.9753086419753086,0.9727352682497801
ISIC_0013249,0.9948577880859375,0.9140086756825722,0.8416353383458647,0.9236719958741619,0.9045454545454545
ISIC_0010584,0.909576416015625,0.6638302700249603,0.496815827460304,0.9831961014955469,0.5010704804316177
ISIC_0014723,0.925140380859375,0.917585002015858,0.8477201477480834,0.9995242277850973,0.8480623525027947
ISIC_0014891,0.9542999267578125,0.9584229888248768,0.9201652672264428,0.9911565407143678,0.9277824065364044
ISIC_0013065,0.96875,0.47433264887063653,0.31090174966352624,1.0,0.31090174966352624
ISIC_0013559,0.9807281494140625,0.8313075998397221,0.7113142857142857,1.0,0.7113142857142857
ISIC_0009933,0.982574462890625,0.9536676403765012,0.91143854207057,0.9192085093070546,0.9908109930871691
ISIC_0014735,0.9726409912109375,0.9800411866199142,0.9608634915091456,0.9843694096601073,0.9757508589161032
ISIC_0011176,0.9818267822265625,0.9672865108358283,0.9366455662535241,0.9606110201854883,0.9740554295513636
ISIC_0013394,0.990570068359375,0.8515136953387794,0.7414225941422594,0.9977477477477478,0.7426655490360435
ISIC_0010014,0.9664154052734375,0.8795754226623625,0.7850376013282547,0.7858818928431756,0.9986333706050441
ISIC_0014525,0.8707122802734375,0.36460442444694413,0.22294570799706528,0.9612495057334915,0.22496761058671108
ISIC_0013417,0.9958953857421875,0.8714763497372193,0.7722269263336156,1.0,0.7722269263336156
ISIC_0012487,0.9024505615234375,0.494584552138509,0.3285369183909253,1.0,0.3285369183909253
ISIC_0013165,0.96026611328125,0.7750906892382105,0.6327739387956565,0.9900706090026479,0.6368152143059892
ISIC_0002476,0.9933624267578125,0.947935368043088,0.9010238907849829,0.9317647058823529,0.9646772228989038
ISIC_0013330,0.9920501708984375,0.8033220083050208,0.6712933753943218,1.0,0.6712933753943218
ISIC_0012708,0.9886627197265625,0.9178551686014372,0.8481814466693911,0.9755581668625147,0.8665970772442588
ISIC_0015030,0.980804443359375,0.9511721782331937,0.90689068166679,0.9425384615384615,0.959965528047634
ISIC_0014938,0.9748992919921875,0.9341235833566938,0.87639014126841,0.9406403742237277,0.9276964683423481
ISIC_0007038,0.9925079345703125,0.8865788865788865,0.796265560165975,0.8818933823529411,0.8913144449605203
ISIC_0014784,0.732940673828125,0.8291387625202569,0.7081443436499466,0.9954057475036332,0.7104664391353811
ISIC_0012876,0.4837799072265625,0.040989880091844545,0.020923771488105574,1.0,0.020923771488105574
ISIC_0014253,0.98968505859375,0.7725437415881561,0.6293859649122807,1.0,0.6293859649122807
ISIC_0015244,0.917236328125,0.8913766171346177,0.8040391632645688,0.9957939952570585,0.806779046583288
ISIC_0015254,0.928009033203125,0.8753895726586023,0.7783936120244246,0.8977734438485292,0.8540947276194403
ISIC_0011084,0.90875244140625,0.8419327553393953,0.7270154295626768,0.879549345556967,0.8074017743979721
ISIC_0012657,0.9951629638671875,0.9120665742024965,0.8383477817440081,1.0,0.8383477817440081
ISIC_0015264,0.99072265625,0.9348757497857756,0.8777152051488335,0.9920436462832461,0.8839376139355885
ISIC_0014987,0.9725799560546875,0.9273087658266251,0.8644694169997738,0.9994768050226718,0.8648607862370784
ISIC_0013056,0.8551025390625,0.41142927978182714,0.2589933671478736,1.0,0.2589933671478736
ISIC_0011151,0.9179840087890625,0.9527268889455677,0.9097215223890625,0.9930876420975431,0.9155186693936884
ISIC_0000329,0.991058349609375,0.9693257956448912,0.9404773996952768,0.9452782031648801,0.9946288537974004
ISIC_0006612,0.98736572265625,0.8872241895941161,0.7973072215422277,0.7973072215422277,1.0
ISIC_0010330,0.651611328125,0.6664134182689498,0.49971514965598846,1.0,0.49971514965598846
ISIC_0015641,0.9736785888671875,0.9607249379567859,0.9244183499101783,0.9997630668625314,0.9246209133140503
ISIC_0012945,0.948577880859375,0.18044747081712062,0.099171344560278,1.0,0.099171344560278
ISIC_0010020,0.928466796875,0.9173512922675504,0.8473212831786354,0.850339913714211,0.995827910893363
ISIC_0010174,0.868743896484375,0.8030046260248249,0.6708502334124129,0.9804820759465355,0.6799301919720768
ISIC_0000425,0.96380615234375,0.9583932643395897,0.9201104711865549,0.981109714490932,0.9367049545688325
ISIC_0016024,0.965118408203125,0.7743336623889439,0.6317654639175257,0.635450421257291,0.9909044972208186
ISIC_0016015,0.9877471923828125,0.9039358774973083,0.8247107618423924,0.8247107618423924,1.0
ISIC_0016028,0.9942626953125,0.8735709482178884,0.7755223880597015,0.9923605805958747,0.7801801801801802
ISIC_0013052,0.96923828125,0.9386562804284323,0.8844036697247707,0.9486438280337044,0.9288768443239988
ISIC_0014952,0.903839111328125,0.8361840395113076,0.7184847672652551,0.7184847672652551,1.0
ISIC_0015955,0.9410858154296875,0.8732644017725258,0.7750393287886733,0.7771675625146062,0.9964791370140086
ISIC_0012988,0.99566650390625,0.9295285359801488,0.8683356513676402,0.9984008528784648,0.8695450324976788
ISIC_0015961,0.9917449951171875,0.9322818875954438,0.8731535756154748,1.0,0.8731535756154748
ISIC_0014928,0.9854736328125,0.9276705667831636,0.8650984837749752,0.988824101068999,0.8736405266170578
ISIC_0013356,0.9975738525390625,0.9310793237971392,0.8710462287104623,0.9916897506925207,0.8774509803921569
ISIC_0014428,0.9968719482421875,0.9648189462845375,0.9320291777188329,0.9968085106382979,0.9348187562354506
ISIC_0012697,0.99395751953125,0.9138381201044387,0.8413461538461539,1.0,0.8413461538461539
ISIC_0002287,0.964324951171875,0.8149730927508706,0.6877253906771738,0.6877253906771738,1.0
ISIC_0000416,0.98577880859375,0.9433572383614927,0.8927873001265386,0.8976405274115198,0.9939805327868853
ISIC_0000059,0.966949462890625,0.9612702499731788,0.9254286304482545,0.9628196862239415,0.9597257926306769
ISIC_0014739,0.952392578125,0.8540419161676647,0.7452645329849772,1.0,0.7452645329849772
ISIC_0008347,0.9943084716796875,0.9149760656485069,0.8432773109243697,0.9052774018944519,0.9248847926267281
ISIC_0013304,0.9825286865234375,0.8575693494215698,0.7506533101045296,0.7772266065388952,0.9564372918978913
ISIC_0010457,0.778289794921875,0.8480920020909566,0.736249773098566,0.7387843572976813,0.9953618493705367
ISIC_0013455,0.976806640625,0.9492453586216109,0.9033939239862717,0.9036810986076673,0.9996483578310711
ISIC_0014501,0.9419708251953125,0.8108618888944149,0.6818904224173986,1.0,0.6818904224173986
ISIC_0013428,0.95184326171875,0.8823266219239373,0.789431545236189,1.0,0.789431545236189
ISIC_0014966,0.944793701171875,0.9202627055141711,0.8523024167210973,0.868939110167728,0.9780296997236145
ISIC_0000439,0.99005126953125,0.9314694134959006,0.8717292937241786,0.8803894297635605,0.9888417763891988
ISIC_0011303,0.9556732177734375,0.7825761544794552,0.6428132300504119,0.6428132300504119,1.0
ISIC_0000523,0.9446868896484375,0.8576365707104425,0.7507563256325632,0.7782054023234267,0.9551259622113366
ISIC_0015985,0.9887542724609375,0.7936152338280593,0.6578458681522749,1.0,0.6578458681522749
ISIC_0009944,0.9581146240234375,0.8602555617777325,0.7547793460782563,0.9928319623971797,0.7589149375729812
ISIC_0000550,0.934478759765625,0.9187942055297099,0.849786608829497,0.9997942132773593,0.8499352716839859
ISIC_0013553,0.6403961181640625,0.43639842161903625,0.2790982227524395,1.0,0.2790982227524395
ISIC_0011330,0.985992431640625,0.925668016194332,0.8616219475429605,1.0,0.8616219475429605
ISIC_0000544,0.9769134521484375,0.9559572671964603,0.9156304020520828,0.9989049762744859,0.9165503767792352
ISIC_0000163,0.9533233642578125,0.9146889031430404,0.8427895981087471,0.8518518518518519,0.9875346260387812
ISIC_0013987,0.9449615478515625,0.7573168270201172,0.6094206821873308,0.759719222462203,0.7549295774647887
ISIC_0000461,0.9677886962890625,0.9526522372995403,0.9095854034606818,0.996013507175687,0.9129089111464558
ISIC_0012134,0.7199859619140625,0.7892554865234218,0.651876161930417,0.6520988310308182,0.9994764550187604
